,NumClaims,NumUniqueBeneficiaries,InscClaimAmtReimbursed_Mean,InscClaimAmtReimbursed_Max,DeductibleAmtPaid_Mean,DeductibleAmtPaid_Max,IPAnnualReimbursementAmt_Mean,IPAnnualDeductibleAmt_Mean,OPAnnualReimbursementAmt_Mean,OPAnnualDeductibleAmt_Mean,ClaimDuration_Mean,ClaimDuration_Max,proc_count_Mean,proc_count_Max,diag_count_Mean,diag_count_Max,Age_Mean,RenalDiseaseIndicator_Sum,HasAttendingPhysician_Sum,HasOperatingPhysician_Sum,HasOtherPhysician_Sum,UniquePhysicianCount_Sum,SamePhysicianAllRoles_Sum,IsDeceased_Sum,ChronicCond_Alzheimer_Sum,ChronicCond_Heartfailure_Sum,ChronicCond_KidneyDisease_Sum,ChronicCond_Cancer_Sum,ChronicCond_ObstrPulmonary_Sum,ChronicCond_Depression_Sum,ChronicCond_Diabetes_Sum,ChronicCond_IschemicHeart_Sum,ChronicCond_Osteoporasis_Sum,ChronicCond_rheumatoidarthritis_Sum,ChronicCond_stroke_Sum,ClaimsPerBeneficiary,ReimbursementToDeductibleRatio,DeceasedPatientRate,y_true,y_pred,fraud_prob
3979,401,342,2387.755610972569,57000,237.0922693266833,1068.0,8506.857855361595,848.1596009975062,1887.581047381546,534.8129675810474,2.478802992518703,34,0.1845386533665835,4,3.735660847880299,10,75.16209476309227,87,398,110,143,499,124,1,185,238,185,64,127,195,293,328,123,133,43,1.172514619883041,10.028698612202149,0.0029239766081871,0,1,0.8782175162666968
3011,822,483,262.82238442822387,3300,2.7858880778588806,200.0,3925.474452554744,392.53041362530416,2211.508515815085,682.5060827250609,1.631386861313869,20,0.0,0,2.670316301703163,9,74.0912408759124,184,819,134,321,1079,131,5,354,483,346,95,266,343,561,604,255,229,96,1.7018633540372672,69.4215938303342,0.010351966873706,0,1,0.3827572964669739
1330,775,631,309.3806451612903,3300,2.5161290322580645,100.0,4688.503225806452,508.41806451612905,2281.9225806451614,658.3354838709678,1.423225806451613,20,0.0,0,2.661935483870968,10,73.85677419354839,135,771,130,305,973,178,3,345,431,337,127,241,351,550,604,243,237,91,1.2282091917591125,87.98899082568808,0.0047543581616481,0,1,0.21031070775824037
