,NumClaims,NumUniqueBeneficiaries,InscClaimAmtReimbursed_Mean,InscClaimAmtReimbursed_Max,DeductibleAmtPaid_Mean,DeductibleAmtPaid_Max,IPAnnualReimbursementAmt_Mean,IPAnnualDeductibleAmt_Mean,OPAnnualReimbursementAmt_Mean,OPAnnualDeductibleAmt_Mean,ClaimDuration_Mean,ClaimDuration_Max,proc_count_Mean,proc_count_Max,diag_count_Mean,diag_count_Max,Age_Mean,RenalDiseaseIndicator_Sum,HasAttendingPhysician_Sum,HasOperatingPhysician_Sum,HasOtherPhysician_Sum,UniquePhysicianCount_Sum,SamePhysicianAllRoles_Sum,IsDeceased_Sum,ChronicCond_Alzheimer_Sum,ChronicCond_Heartfailure_Sum,ChronicCond_KidneyDisease_Sum,ChronicCond_Cancer_Sum,ChronicCond_ObstrPulmonary_Sum,ChronicCond_Depression_Sum,ChronicCond_Diabetes_Sum,ChronicCond_IschemicHeart_Sum,ChronicCond_Osteoporasis_Sum,ChronicCond_rheumatoidarthritis_Sum,ChronicCond_stroke_Sum,ClaimsPerBeneficiary,ReimbursementToDeductibleRatio,DeceasedPatientRate,y_true,y_pred,fraud_prob
3199,289,143,229.75778546712803,3300,2.041522491349481,100.0,6685.98615916955,413.8961937716263,1805.7093425605533,520.1384083044983,1.1038062283737025,20,0.0,0,2.6955017301038064,9,76.48442906574394,55,289,44,105,318,100,3,110,192,118,63,88,142,203,202,79,101,30,2.020979020979021,75.54038680318543,0.0209790209790209,1,0,0.04205990823449104
2812,38,24,1451.0526315789473,14000,143.1578947368421,1068.0,5183.9473684210525,505.89473684210526,1483.421052631579,856.0526315789474,0.868421052631579,13,0.1052631578947368,2,3.631578947368421,9,74.84210526315789,17,38,9,12,48,10,1,13,29,26,5,26,14,32,34,4,20,2,1.5833333333333333,10.065717415115005,0.0416666666666666,1,0,0.04686200019290664
5248,73,62,793.6986301369863,10000,73.97260273972603,1068.0,8404.794520547945,821.2328767123288,2267.5342465753424,691.3698630136986,3.0273972602739727,25,0.0410958904109589,2,3.0136986301369864,10,76.73972602739725,15,73,13,30,103,9,0,30,46,31,6,28,30,57,53,23,31,8,1.1774193548387095,10.586515622145075,0.0,1,0,0.15818815331010452
